"Id","SuperNodeNameForMe","keys_size"
1348017214778550783753377926186688751142750993451,"930",292
457395318687345387399872512878705359021130286328,"348",38
363088827397964316028602060618683551018695464177,"274",252
205212611427244776115854445369099076486174456252,"151",109
932742657759533909643004965409088295092852334219,"665",70
1055096561933799531146848414994549653725712831550,"758",22
334243298601019293965158408890573909462264328854,"254",7
796288001859343027326950351436188461733159181614,"580",51
811742311579590250479251188116559912331626692107,"586",46
49700396313077080345249323757797957507077152674,"29",55
100053761481730007645147468179843673101837973947,"72",175
760392263767535252731123535197555062116115677167,"549",98
213375525971100306926093772996860261501079290557,"159",78
730903862515359946113500047803944489688068991484,"529",6
588877818863409955129004598936493449631980719787,"433",3
758042795121351514244723056858174505631455213765,"546",202
122238387947753074155598164967272963160964813678,"90",110
588499922488287585916203915109712297343254795196,"431",2
880436902025384156230827940659329168671632663831,"630",311
187583956369941765308409129878064057046238669758,"144",57
1036774613403531234458353324678569883036235593667,"739",95
390181549854460119668670933480289126393266775625,"290",80
240932775014674676707091744665004366381469623811,"180",17
1402058436428552926126512492307133554888891481245,"961",287
601332879099515034793169211360736578348418185655,"442",45
144092065463886242108941013183331436629746052646,"106",3
592416300253904380084395401767904148238354189663,"436",23
346710146548768268370650567646251712203474287558,"262",186
164849417573378977716159333351932455939011526064,"124",80
127957062194570347270265324043538152597687898742,"94",36
1027331234878770457253236533890956882734854490468,"730",71
1026503084537874615792854127327485824120818958464,"729",8
1035298094465850020120848801130827256166767969183,"738",90
2336215164161869306087736174598224201303951795,"2",8
755042707827552404620708485121901329439631519383,"545",33
48745471807558365726957842542202874224820177821,"28",328
850881721441619635547655119653720281831142641077,"611",100
104805825025706572274251427941342110323446766810,"78",9
1122408455059006106277331997873845481850644818583,"797",26
1456755499929094701496996082269161640823320873617,"997",98
875698137820111291742424053428195581457711945028,"629",85
110252469457095170451334501555343361529185150217,"85",112
897371931945138963861075992100962732783326037642,"644",41
293955502962046233311027642080606646065499560906,"218",347
1424029046987564119166975328181515715140728956908,"978",127
241291665189091637839627356698108504812736370154,"181",24
751846609739213283388071348106991496884521661634,"542",18
520807236985277422282850605613959177607949506203,"386",256
732557347561364708043064779327804497891067245624,"531",21
818196645792979533385102801072260945918704086686,"591",238
1244258100273264285370838474123561152777641138732,"864",136
1415378691536536807292635815227816048611708969202,"972",95
86646057627481073978032302811340512141760291070,"61",295
991944735724330363307621755661393593463285916503,"701",22
423673937317729393804061442444267038325104321097,"318",180
1411483257524013789120174844633803525252041837834,"968",14
1299604995311635560316376634887092462432961049128,"896",171
1404838600780445121945991461494459488877416055389,"963",67
51574489573254650480820744177315535541798550866,"32",92
962354830109997085602534635368844750580889240108,"685",2
1294202117028986555983020281049377438935759353801,"891",419
1365747716327310429961451886643619684670968751728,"939",239
1431134975692572750126102952006181566497433520367,"983",100
862729785665988378737329487243258275446963748109,"624",32
1242248219593631765413443523393177285205504404829,"863",34
161359468400799349116632662898298526940284274194,"121",190
1158143960893116874662983895189198615111703629663,"820",129
446306761664878502882994647038994416843741958480,"335",132
1208749012359791291099663547823328625060683383535,"851",211
65520333469311832926244531727050047631364328314,"45",95
100539428747185503535832506120145435982094818222,"74",6
1455181011609505117806746019133545523295376856715,"996",301
375321956655501479800902326586009826903312725315,"279",343
940234292725368515286082054710712961250839992637,"670",169
1129283244451600231875865639368741957436512165473,"799",323
343977409527011873422050612003289008964093540114,"261",0
553459763374374197634441941865935563560336342545,"412",115
1301382432752421344359712206153385332940170418661,"898",124
366405605723961400602377867584875232521830305233,"276",9
1106355877704193810768878993581072037303335807260,"781",113
217443469497834091526263102529154280302898485279,"162",139
1130539489451162399257339071469828649331101734019,"802",16
1163764723257074334471426783926361056533378192098,"824",67
247679969207271844739005632014060778662222246222,"185",13
691465506149116826636451936828476420840004412325,"498",313
1299631114388739071958742583082828896020107506132,"897",2
1026211716815008285941910521629263877457868602614,"727",6
1265563452345518836514233550501045190493645624158,"874",277
915254008161529593359163806020133057041878191016,"654",42
1175188670843480179222085276122864409265873916894,"829",225
72255474438386485065249171718978315654879613879,"51",229
739420651518157932638280144072291361771232456872,"533",399
754738035240748416134020246220151267720418872856,"544",65
5010191220549373400380549593127019893381751707,"3",173
351252913688971055325836604045192512121774268952,"266",7
1303121431787744594402567426011605789858341330991,"900",32
562771555786393403793123972770121234484961264739,"418",53
1192795244466737050797538732529347951846401953912,"839",188
703092688180862978105242829314961514883834494125,"512",0
551719747546632440345844754992913785582638478658,"411",115
1307564145890041017103525234045396083265315289939,"903",170
854931826174436022819776784858678161572936921956,"615",66
568023844996378479397845102986749468784551626793,"420",203
63794433723366525427222789071011311682942541545,"43",82
1417130428140720404192650517889963934743035269765,"974",109
527818142382678828299699118538273131831167766886,"391",20
1141428377998838441856937199501218264170188339994,"812",31
745757892112106718651728035338352193694497241735,"536",27
1029755954327476958801762286965467617152597566415,"732",96
1343109987230798430315636951113293524402027865184,"928",0
1261496956293206976413014353770269099469914519645,"873",39
474357448983685099669445525529940772140681137470,"361",136
691687937657601118488462288167687247136748780203,"499",15
957354020633297190495080747534376225881153987764,"679",505
1319270896930914035210604900946664959764917237221,"913",10
53781420761851133089068925774309978331238795091,"35",79
397295670483988167293600958112401995372899096709,"295",55
479491548538375981793767647583155126924544807753,"365",340
808868044606376068447920811332628757401898917742,"584",25
1424336431689955117237633991295324135181724270497,"979",18
1152922245161001968012188908671659097860824336715,"817",335
668430754760154723895187335933228848567498395717,"483",199
289084777458821919322918849819532275185873090544,"217",283
1063813724444739516375182047574591887802542283104,"759",584
746311071055779417155942031844252961499789361144,"538",8
1129795245950259479959254550457738900449937627298,"800",29
229434375437767551957848543814460028830372192886,"173",97
506140795475811939481588880947087846400910275343,"377",77
1031677755462656355603349967571621884419714133837,"734",112
1044078217855585382452713353344518928855178265418,"744",47
944368801119582514891132714660910082514154071555,"673",83
1406074111958421579327423888082247959820983042631,"964",99
131205452956919505123563241567450171470103241062,"97",153
784268172199626662268607305117671409792666245429,"569",97
1254681073212712184778074338882728130983839683921,"867",463
1365846181940536955921947130747581998666791245948,"940",11
773814049863151280595435814355810364868919967938,"556",92
762748331112107746111658268124149205351161582541,"552",77
252160786114299323417169624531721654552611058217,"192",109
1201895056990157132226942271414793401685425366023,"846",128
467718219182507504191628026909040495014449891935,"356",345
1009444294152915731396655051492461575617020374915,"712",116
120597608589718977381406624730815464118934061678,"89",135
759047311094031500801629924297762264970471621812,"548",28
1343862067122526498417559507935084774350732686168,"929",48
540067154236729727127075662876562207404576111782,"402",78
247500672184277728655126229442843319009687706818,"184",136
326299767782866575885678974602858843716348521330,"244",156
1099053535854826139271957484347583486507658410022,"777",236
685490688700371893390790620026673437013522098743,"494",24
758585698116587523494125645424043702924863693968,"547",39
410920702442390982632539915433614202369777517878,"306",21
982987428072797883975501847651319774542446970749,"695",74
385940394999195860246159064116120578443954909598,"283",131
457573038153601070792825501446133778176280660771,"349",12
697366545536504036238527083906830859604584691764,"505",38
1159876117532149995531899137715746867484755306799,"822",85
248028205295357117506558114960349413455472992289,"187",4
1272375054261426215693640665947722311779139845194,"881",63
774122554396898717553876908659674664843392835125,"557",25
211493791523250811133094346845105890459901698606,"156",115
762827979769028935096997459299928914210042293731,"553",2
834309775038519284232463363330792054369932114609,"599",106
855377345372328849454463612303561521217047750130,"616",34
926647211074588333857353760024517141830191895431,"659",238
1066523136758637012619509565119920457621242133,"0",351
401477678261961969961700992000521395547459002366,"299",33
894164882663068688434800391873917539081143269091,"641",90
592129548578803644997498659150612345788882212531,"435",220
18156621243532096891852268485023791583705921797,"14",15
147063126700316605383519559284340148506813674996,"108",44
304404340281139674424869640397301039055144334106,"228",117
1088417206138482568285117144962272257053285073114,"773",184
1044567122149276647498714962241553584128844756046,"746",11
988191412907921037979714364047767034868198680715,"698",181
189090735408219159756309928989775300550278413280,"145",105
1121914641975484904460185221836381723339710055918,"796",99
962192619567840779369478788541394827431881035433,"683",15
1140903929156259767825543256136248861028588039992,"810",264
1378486595807680984756630365435776800888572734835,"945",115
1409138615408219896789867453903148901397409823585,"966",20
218837080800825171493849337474996118198810006757,"163",92
964994496221363713301876350467957341732052881974,"688",102
1115644670555377219940547045619198598338533133775,"792",67
962009446049997367256466912663429301195218033489,"682",135
659319609446453502876847448120765203378892483105,"481",81
173852542769356744184808058102492906286356855435,"132",18
437795015410328745509982863861139588308478618388,"329",228
902175214318655665832132000220846768808434017794,"649",17
1189328387237085489988636412046565858339935405012,"836",102
1327591376947137396810196731170079402622226884833,"916",382
1427427726684744797070193799564193363556271674604,"980",210
965143554138962425878164234658799040730122191068,"689",10
414329053522887066532156931950364261281561706433,"312",18
631712557801759199439802949093436464666449435696,"464",48
821980733126511612394264593333880625574633634141,"593",51
170982946352497502552979087997183254579133841928,"129",43
545946979177844556706956483622187739724694314815,"406",92
132330182865763278883778397755411343592970307654,"98",75
535270566421954412618740186526453012544039496293,"395",317
857266268343610409765287016535241062247470550590,"618",36
102775644029543664315913050331036036860974730458,"75",153
245614691760874810240106971127692558319100374795,"183",171
743223528653347858884881717161537310666847095309,"534",257
15617777376285018971844616552260565690981454146,"12",123
29670132724489692496079475819531098548310628287,"19",96
446742253889896379452235467271286567161941600859,"336",21
927796526546618162207692258403541596871653387452,"661",37
1296813649387537838159690138060926003351095554028,"894",121
885909239807888875317246682299294488908185360090,"634",142
512163191377248637666783514352793564937521996433,"381",127
618441242421173381994080929704656190500338701358,"453",181
356495358653752727188716368228018787825232238826,"272",66
536262482068986680046849299594431868320282525606,"396",77
1260871808995163232733333611736033202394001980498,"872",7
177165540446503998311635587009259875082908895690,"138",115
462513429615595239103297306397321605450283716623,"355",18
1032254132974031663043874892554095810535897961155,"736",22
1429719482358022498015277254880812052478255086451,"982",44
884045098281176307941301380339660328078380760757,"633",122
1114259820228982219834287369434200621382648859035,"790",83
655596420909688306163196188693483928247039384290,"478",44
814512494187127307823400880080155602333108378280,"590",37
1037483255223824582697691535554612962580171928303,"740",55
549402192487685612711659035775692717333049356014,"409",32
514058204209075736458749793881257486170321865310,"383",43
152175336796185504286773414345705529366170924633,"113",38
231974292083691112953061734316893223755998761484,"175",142
126824198825712173045247744876881667643854615119,"91",307
1120480419155938421521292462241447656518045057955,"795",68
1156347764182042251932073428561172728834583002129,"819",92
76947012071697486529592424083612613400501084730,"56",2
906198437991859947087264588185095823491727555341,"651",19
390382800526356053143224618167872579889519810135,"291",19
1051982432386838069633822704390118358647377738980,"753",70
1260235993082512279130402754077421044540913421311,"870",295
600407107387547418046445684266362034306720286202,"440",301
1085965327452977950202529066456079639977224878517,"772",262
87069181118602895312338970059535599486260286397,"62",23
185242815681515711380439555261377750731655928431,"142",82
1274503494894171298459021589675837612286439223796,"885",44
1045903568630925313491053706805623943179903560903,"748",69
258804734733500080833650612709050130736852856462,"198",73
1390512832805991886232906747720606246215991120556,"953",145
802833665494976258004492463973574042447840988714,"581",428
333050907342446781864154097459746118902335555304,"252",0
782766426887842497832025843304547747381483930962,"568",39
1066947689361583633356299585392178059275887844786,"762",99
794364917578186925347945005652463855335079333840,"578",95
151496832173713066261677635850350028383737454937,"112",29
366313644435398327508920244750613092727299505260,"275",240
118584483686993569876519005201306769097649018968,"88",39
1232841330593614580125396751262156556016619613074,"858",325
1255382791315731642737432657333893456448782816323,"868",44
936406587751919345775506212545814153949403082366,"667",260
1067047447829354704545539798167567708259487253394,"763",10
732188583579319167221559785999857596195616840003,"530",76
92536493256702860377559167452647363024921983440,"65",129
1026345018324337321412373288236191879971197359222,"728",12
474557646095655520272818046105130404040345539090,"363",17
432042916084791437448410526105602427041997205585,"324",41
853146532494608038414871286029879946402155291242,"613",30
307698492672890459149383698570141167293792164181,"232",31
253779942117518239875914300549869084384999601276,"194",61
1018512100267855548157118239521431911138417859052,"722",73
270429979981383488282989483606074337533422509244,"204",199
630422973537384159664334649764634133485429663271,"462",1
6179728401892920643817808884890605345218448073,"4",76
923127111752529995684669424568628365576497220791,"658",33
722587501063034953278328116986497498338074197301,"524",73
1205060412478029238041966489709951079124313507971,"849",59
327955491096871467876694685703095292666880259851,"246",8
932885222339932623078436931274622583679434872654,"666",12
128149966028948802735456005304570561992622516968,"95",10
1148008608344278311433148228351213324223468899143,"816",62
1170502122542747650749538005304440920509145188890,"826",187
1266695203372231689636260368648620654130599281065,"875",76
97627718957651248681130274458267474409363727756,"71",2
861038912900195022273951270547529788051790550914,"621",89
733492757014144759155629182904795529977063106407,"532",63
1394730252228938169600630785936235702001027876492,"957",74
169063729555870824086223130324941131514057439777,"127",101
458663950849672958596257133855633793784383489556,"351",34
296915912057088194462293447356852226481746313234,"220",78
558525922999847189963379661942477293828445822045,"414",90
1050005198269910678931876548875618205304220656164,"751",90
455030653793814564602535529117393883094275977193,"345",132
49997650806504396650369429143594465444737690056,"30",18
746161777410184526888246277640017270816338408826,"537",22
470718676830304888714537812990358898744642608877,"358",197
712617391760560024430303981615666794073345162905,"517",92
1354478582319058429103115785306066939019192385546,"932",82
68153268600619758287708703259764018391474647823,"49",1
578268909416223471069919718089247081356507802471,"424",440
388977347318102425410883792517324978716778002679,"287",2
676176583640994763481571220890273026692394867262,"489",125
311475010569036088037171897223161147507448105457,"235",206
781543473113313170624404939184041468642597434443,"566",17
607801280208854156419779463138494388178372822180,"447",63
1167483526147139176251102213934118524447920657060,"825",265
278722329961984273143601131336181542976854249011,"211",10
529806782483546686826309459638529113080426179479,"392",156
1077808841014347800052461554286491254392891602449,"766",313
1268194162678063131460721892062703213073090349326,"877",48
1302639126637049646789160311923400915673503397409,"899",89
681595183353988020165752090266119695549285276581,"491",362
856673306163937667646057756618606992485911110306,"617",84
383809066840343247562969925989678106685625799217,"282",24
302755994904149076387811019962389441911598416167,"227",23
881669265899596848032234626249059056576979640264,"631",99
386996288085090264843788783606888998876980869741,"284",72
1021938114660615809319416630003968969840576318201,"723",228
254013310489232372590606633106276906707814689179,"195",24
1436806327688201030886374370804639721861452841457,"987",15
510246948753189178734410742014721928758967051881,"380",180
1113104527685544675142934196517390841065520829046,"789",27
959894825991566662738579225983603622215344108635,"681",102
972317404443044117322336432703375236118756760773,"692",57
1362699729962831802482908900747731593849038919735,"936",155
62436866451376107690593293273001756179488972189,"42",24
814070991303419966390810868205474361911650372277,"589",17
1376715916580387139313040235341855573035371410283,"944",12
841242419993677364448498807346598976151163871912,"603",81
1145194566463139076210560343883305121042483937868,"813",227
413721428629712333840481980733195979197199353231,"310",100
868998243664398154017683263786058986230969820191,"626",266
588822481747154882986355224715766457978585517390,"432",21
595849736952661208638390423363538358528037408822,"439",226
931066442417303461428040078715313171207480994546,"663",200
202108020724263784143872444708662603334709445681,"149",55
901927708861998854806325230557456272017017969831,"648",1
1043221739602525776182755721066059664873778977991,"743",163
297010556602374125081102099496626112995631927331,"221",7
1271058110563944818691859758455112577365979623478,"879",25
174822067370782449196692308441317755820487661306,"135",2
839728469939022598227365085224728481987046813397,"601",208
1353092801516397969861778982481156747642690897661,"931",370
106339349651721108474355943526734330478267862600,"80",19
306435766600750965957885741883650524897262430228,"230",79
1023555079671981783546348986443262638595707106278,"725",68
936618627760280227958743913500220344642393953614,"668",11
1030011152948053660591543480826343747149528040873,"733",14
522630588831296850396504039121169616546583348575,"389",4
670641259094003811514112202402463221247624415540,"486",10
683586940424073389635424813615965793846362731284,"492",149
687078480855596793684332705161266775637410689710,"497",28
146374577691715905791927521098632058006585927157,"107",133
440292938356303417401997769634377997023064103230,"330",169
1433419643636887277547109285646061578892475555451,"985",93
1146954620798055067945675843730183264629848740911,"815",22
922649314049826500879783267034311644818572277514,"657",419
537166904105338029390565849656187796047621019985,"397",60
248195245410028348632297290803237265302471967607,"188",10
997405883911120709199840414635484255416597670532,"702",353
237973083870812972531496107544002038920482521057,"178",297
228209209797420552180256183764250480811324775628,"172",40
441831251102162106939291813916407360829596212004,"332",57
602783697929418576473888057675078495401051899748,"443",106
751576535270968192942047464278322525505122340681,"541",2
761656704522112364527867509778118684277762876778,"551",51
127018292470605269330480379613870540255684395797,"92",11
639922250063015111434596302212309019988419192668,"467",230
383045045324518506605984508233492796823420451708,"280",540
434491286185193958722744628905930743796096401410,"327",22
786874317906119682755876930405122929619185516608,"572",120
1338045803887101370087860809241635883754576807248,"920",161
1386939954344992782854118992517757565255945374437,"950",168
491356127700336274767625522571176592414028202964,"373",125
900259422947735570380010663776179779347509165540,"645",218
749379601837150588317912452761703734828861991563,"539",212
1014242832880554868206627696179793655059835312992,"718",42
760889932593240284421624980352352967030231610817,"550",32
1318375862251413022569645099345025688501042216724,"909",236
587940232632639847455042363465949823622392500876,"429",206
298849748035862950746070515977436897510489086283,"222",122
592640715961007792236228940736516867451978095710,"438",9
479926997817497697550048159514564745389909931576,"367",28
845829005911696045158342420070833857187282243671,"609",14
1318815223302483744530022900036097753062574674155,"911",18
1397914650077472896047093065439534601489518135911,"959",175
753698885293287278681126398209827244055906517102,"543",132
958479052274660504112536792895706358047602963612,"680",72
100478654458286357885073143935731402094982200035,"73",34
441047056267527546336472130063740602152752571972,"331",48
562000575769781027306033729835235381166493935988,"417",45
1343103218944567176093444269333258021486507052165,"927",26
285678492973081924260417301732569435702755332065,"216",147
1045946010231896161253846274946329165417283997159,"749",5
17915736845780476977582958058609976717991690640,"13",171
505133926064818254000325926818557039277265665879,"376",503
1102956292841679753423250182886436344910788235199,"779",231
513282037523845081864501208084742863000153209922,"382",103
704320279484139915263314976766554019338734220310,"513",82
406127584044682045144536071465819908324105947611,"301",164
449949031709728506519498589388974318811074866300,"341",170
775919200996069251553742172499791119491301607590,"559",27
171899151010373956785707614129151146217061371644,"130",63
1362794289990524160203122893129724434672416173960,"938",0
265741518836833624418798704155568709336592155436,"202",13
697503899806269775478427826164429698870686972251,"506",9
342337872018766319473728566507375610696740244347,"259",285
338074868832098074735901654327575742231111180342,"258",5
1271569672520278031892119033650369022363974693510,"880",47
1176480829838717471549257629329539620602364370878,"830",90
546081503629013578269841554927171331556900685402,"407",12
182066378717906031902110667135286931270080696070,"139",303
232897574272588249076598825467978524340241532470,"176",53
1393716694688498214227965239979032335304601197472,"956",8
949103648502233581191280677996589074459677825900,"677",39
1009669579836462840978821996300009032650307784829,"713",21
150813684845699320862894225062357806261185825357,"110",183
1276441850271293467348040935349859151131385778188,"886",129
605822727266104381746983657146620715880646499900,"445",26
791071445932325355797700802794479251250223574825,"575",5
1015837083027140139712533215928295951872930011985,"720",58
1108671098191234248147656577746820033276592702468,"782",166
1109214894507730928969911739654956113491594837009,"783",47
1052964284461354433108558123592543490135666514379,"754",60
628175741669293988499473348801881383285536012295,"460",16
1039831593297021944869847442799990620658491681884,"741",145
695533919166357553830838054004997535471233275813,"503",23
19128969056205251025604808243942010002869909882,"16",30
106000074986636019097130222745828603406627354699,"79",89
705069391645616778798303871427790838761680425028,"514",47
1393540390746984078937267968881592117637184591959,"955",52
1155043567035110116836060256367380828194393741809,"818",149
226599696395998635362183682464014098237891171967,"169",2
8776636248619930502955195078614627871922201456,"6",30
307262359548060156306826883106312858631357314578,"231",65
785346236579852594566281757423385210600241288646,"571",6
108761771739558454504470341825942129571810401117,"84",1
977902740484028946265603051642673486310737189053,"693",419
811139450376865042519147458002045559568106763516,"585",150
1015049484192126013815669308219922140302186726699,"719",66
1081514422886964273505496613021548431697258874494,"768",208
447184976982417558723208690049520550823388995316,"339",9
778395762896989489698159047063344036987811265093,"561",2
1078412575584387293758395650615464754795031487789,"767",41
719663539616019304475775057119594898422054318691,"520",110
1194347920171940377897564037935765817681569968371,"841",37
330474018087134645196364089826850406790968250550,"248",50
650394513053670882324856198381068540353953284117,"473",96
686696909025590456607440946335229585719454488521,"496",5
128747431989180890955357331026261680502759460520,"96",40
468183062251055068001796682352304641135765096539,"357",26
397976301356370826653960327103719648077982869085,"296",38
148465521044031427208409194106905614955586750708,"109",121
189789429677555470859796309555771378992110705419,"146",47
1451025902372422381002742697079594262793902471440,"995",28
874500628462958477853225035891757670458064499972,"628",90
154518800620470586761552120694827681007034411046,"117",20
1238102844405905934427625461902114281720795066063,"861",29
257682992793621086145044240643295744533685501796,"197",195
696767640141127854890459636128198480511622891731,"504",80
709431629976931249077834263491973591901336213021,"515",280
247885574542550263260389064286009509178813070272,"186",13
81094257566540274438211451602071635865675258352,"58",208
695194396264450654590687264025947216004994350828,"502",110
1225492543606261504773782624900905425730672019440,"855",27
250749214565621239295415792298072348374410147087,"191",90
653365355598558672979984137471156251000528759010,"476",35
278247207552132750919385606291046946672355405249,"208",57
433269434945842797937841618719280963912819693099,"325",83
412323354189422688589735702859717066364075423901,"308",70
1205540981738560434248136309430984723660017690813,"850",36
1260768066964961732338669868606079288434062543954,"871",27
103222517390047756490967054934176413892498952136,"76",36
1053594686605723918807420202239182735854855746646,"756",41
537668235235696345623881784208689636329181516924,"400",11
1183746640029061648408992347709804188031594550413,"834",62
1273910924662372929732852726711525866075539217723,"884",31
548903317135389090108500086899669261994405203790,"408",184
451828582363255808989429559110076811338228946668,"342",126
772318381334366846620734377441238250662132107568,"555",560
472049036713447902044218259215768452797534700630,"360",8
719684708009359266820859485920524512926173339517,"521",0
82015332583015840050518691328469580351968537651,"60",31
947380298024397941960566107637195336619609184708,"675",45
1177333959653071969337277765250382121116466017210,"831",46
167454210023016306482435824305898824022370671938,"126",96
1431941659647790216911166469900437232678858337503,"984",50
723347650617825334062931984218183318883028269224,"525",62
963340383433355440947193256887370050035983220568,"687",44
1438328178510098973927720411911374849586914943211,"988",97
642078792024987868854477168329385180899420930909,"469",37
886844160691709653663647595698359946107454185487,"635",67
561359053306650125258919971007108939510787526846,"416",190
174690834760602424383478413521593990474043614034,"133",42
227677553925890246435251762037943952961469460419,"171",61
1457710219941263140684777400676609770819964039477,"999",9
1305016917418625392929196395148258369850607487739,"901",125
1450456044768901658337254309013220195356650060416,"994",31
703089827371254591647450883403385958079504845888,"511",17
183049389057121997907965610090425242613780516685,"140",71
212000078275322714499295033794474367614484045137,"157",34
1112723437354598234020742136932710616553060956900,"788",71
248521116053956754541348413409439990533604876415,"189",22
506856893736987210458535464983267966467762795946,"378",62
32829031526442302898956955961202946431833948340,"22",47
1305271479510297190857967394129125143396716436844,"902",27
215325274823429215398307629320601171888374300691,"161",46
255118821551706510038416404855857491476183038155,"196",72
305168084798505032218563767439560130230017512688,"229",50
486939797878281408495312353607334534415301157229,"370",7
1446869970148194848407388837249417590252057757610,"991",81
431368762202186164642246639424248594744068569259,"323",59
1319043888526392748775565949427808297592503095933,"912",19
1321678373333860350065080600689115840887006928719,"915",46
57295364856458773907540179737171559779065335731,"39",26
447027536251443087824801109488039298139828526665,"338",24
558932578512321561271377798999493526461652029415,"415",23
157631184984326931544651496155091908404068625771,"119",130
1109598622101504867391575516608535494701767510040,"784",24
233588898111010431816207830005398792602166134820,"177",64
792934685174805280562176474281562544783278117969,"577",37
557162981947461961597352362186414664620430967056,"413",288
1273415451754618205515136411801839153632960397458,"883",29
1031913094196308885676766303722392626129290136178,"735",15
354799480658276469696910182461514111308402150720,"270",11
351152717045602287187566212146884759222883116857,"265",1
1005795876579310740918637403696817158186518450044,"709",10
240618317437185929172119916845336892743096833402,"179",154
471941672136720385673799295252311223608105845686,"359",71
1342769063078172223855639140277794938003648655347,"926",41
1227249372623381769514313625767363020037301656011,"856",111
1267651023704759814282053608623125538421465870175,"876",60
337320673030299479052016841441843808245358449564,"256",8
337972839430327243978617350314392377397092660812,"257",35
892480979322107398348399802281310129020639796937,"638",152
1158674484699711168923744515437365001908698858767,"821",37
1318535169512212063598630192771527111909100866189,"910",12
1048782877547179412615008513693274726824411843471,"750",170
153365734508721367490219359620524280067124727438,"114",88
701708712425858758216735631761349722485658317622,"509",60
1273020044066564037296732714095225980481866375626,"882",43
1033682748604555056307543657255166117018850961816,"737",112
299803324083970050865912196670063083090009505899,"224",23
621762816657003957491916417485324820497026495134,"456",153
352184060438642942064852124258175093299697063790,"267",74
151080664721716247422159905597685180188921613456,"111",13
844234314801047628659288784027445684008001538555,"607",46
424020924988814647844949419633498497465541867540,"319",16
201481640628866743227808365612744999737059442707,"148",754
569893578204656548462557857383810491659608684222,"421",140
962327909739492776519091978438271092104130121552,"684",10
1225137268489847836372008888002933669863201757730,"854",164
21918366782731072963419161720524363392014895739,"17",189
173566147358051976614822947099032543233594959782,"131",104
1005673515368125570970746812052719183827102512626,"708",84
39318870639490187075214895142346272225993190691,"25",38
170101684735233481340359755363993334614927083233,"128",67
1172404117875399220567346200405360798773697305313,"828",108
415286372069508896570279517736840967873777398564,"315",18
853945372138649581279154498345550461105040795013,"614",54
654856010540501140226043250583715013601669962277,"477",106
411148454379361164812226572228530425480735197671,"307",15
1044394118412760161760143525287396646631932791645,"745",20
852828622464664081006826106675465966318117368202,"612",142
622894100536446413346951835917372347658930354164,"457",62
388996138521076681279200296049496669505871941810,"288",0
721391527998151734367786193176172120909616198434,"523",110
971467674568516792656739337280981848286850295125,"691",160
1095600235569613253520377440275158958469322734953,"776",351
343926928260416314626665302216751362642569307213,"260",112
265518818362317381110700395390776574074542208730,"201",89
1421301532765924051073411065790504319638424558661,"976",143
327781809237826704287150764600843803244434423260,"245",111
1384383708133256046180692618425063511645234167283,"949",98
1311141877174556052971814739731537594101580673187,"906",38
462239285807543691630944389274034795406251611364,"354",28
1297066619200947689871176595810125300783238007967,"895",16
624342390230929422055552631587451378070131141056,"458",82
676373236482422784743300481170438232419491288948,"490",20
865460389162281177038187236685053163345858977418,"625",195
1199854803412633409561081586190371446351820308554,"843",239
132470259809832704263859619463261431918750838647,"99",8
588927119452369903221419988378134403850955606627,"434",2
366413386722826381229223934603025292786072551649,"277",0
1111608422080544656501185070567962013490384499003,"787",21
2127859890850212614050126891270664961961696325,"1",70
13987979924977283881950991433812399814773899621,"11",71
787491991560186081785367978536788911015251297690,"573",47
141666153282835883011254403574767236061711275879,"104",210
52624953245169205204236919142479742743056701066,"34",53
1228207947252267388569999162564926287790582818910,"857",71
1235636564353604432855671224277798356404216509522,"859",195
691930429772010491806438969113264604276942375833,"500",10
220452419577459004395677795922177983962076517747,"165",82
685165423532585355664470577558302140936396071651,"493",95
605354804312925418463073068254830706438291482053,"444",177
785293921023969226705582910060927695615375163889,"570",56
808483591116196802237135130618853085375236449829,"583",392
1376478152719158161773006586129231093404850107462,"942",445
719832637315201376427030193011682073146454653512,"522",14
264301003070081860176719812566875424871997251849,"200",29
997849393831593742675890778044404636392374654616,"703",34
74535894161897396964209664447437403878088537399,"53",168
229703034422379354846474135142149134370713529879,"174",11
1182867834327120833216756032677029298678218278245,"832",366
18648389176839820458873969995538774217996214581,"15",32
352789498956741752297067577172940248739299886454,"268",42
394323084574395892295761328664879352426825077882,"292",285
1395284225534636538204984965421969333953270477019,"958",30
849484617834924531841540722541483514435924226698,"610",241
641529199180115510292790607524483901000404134373,"468",122
1200122502088109541083610189042470297341888037758,"845",3
313295465044595954442295807954413560064882428327,"238",58
1135199616463820572254014669523382437012444628899,"808",42
791001221653298912001330404338472353954090246710,"574",241
186821563835194005352497768956610764388423388112,"143",111
657858760564836515969105629265351324928840334588,"480",48
487326375506959131195829672674302777141362795637,"371",33
1442942642155960743965347318480126340113187757923,"989",295
155627472163298771379324669211391432802921752759,"118",78
841265445028455560799525432987379703268153045773,"604",2
1182955606893281204106872162221314295505389631882,"833",4
1090441686384588886646109639700202884733262950657,"775",74
55081571540298154303855729768521086912296087699,"36",90
711521273031173356851066822947996575280958389970,"516",158
108750410498699457479950310727697318976208274128,"83",112
277364131879034443740413543904065974406715423420,"207",268
862267897634024533897531874791601036821356277531,"623",10
1449183193439358628781401035114087667782789805972,"992",164
764342304655265052483862753838448782843537291659,"554",102
717860575942729026701966055479874092829560852310,"519",22
1200022312625379233212926057213165387866954371254,"844",7
985143328326691505676866199357182336502510661050,"696",141
32187598601897828713267736740557764728628875870,"21",4
613983358942577881965232306819481404961412447337,"450",256
106586221940803520671337291507304219083610907254,"81",20
914716352001009523819981217149935496557382807203,"653",228
388958957814914834085500123405381761273450499213,"286",90
845669069057910491666333837200534053343299488850,"608",118
1001226708964907560353366864980051153993109541299,"705",57
1449884869842447841663630885357624186387377853519,"993",40
882137435369473839566032537816601033660789679119,"632",32
948415201299774022013313443535816045446756622073,"676",60
1294549432841588500939032302304278758981056212162,"892",28
1081616488989871124614248188226610144300108223136,"770",2
158778580427182747091784193116021867364058119263,"120",73
780724492196549193595017801253850497303762135532,"562",151
1162723084093465750943127882608134055039598587748,"823",194
527549107767415124823671302633066490861005527661,"390",337
1288209332897521113511075047254766357744045015447,"890",54
67389470565701065963668990812028669400772376884,"47",1
916256924142388594385726926032841922900604901755,"656",57
312488477144416233471745271953709842648585218911,"237",4
1294917182602624138828205568092807458882658344093,"893",32
8203584549245714133202390652800486418515955930,"5",129
657045699228070968109564313702195448961880926530,"479",94
982002460297515642501074367287534347313573060539,"694",284
887711049169386550147152144612242219620943453902,"636",56
1114822350814572151476220218077306959242466204675,"791",35
542240271747867997511514548046656263983517691616,"403",145
446748994389894919970260991659508362864562655363,"337",0
354642356622557278314022933231439303872926516545,"269",118
985487866798557017449022844205796414823341941848,"697",14
821314173025925105041461695200281949659348201135,"592",232
1130398472780158949857047840108681451618436459977,"801",41
1133053043296941512372525660954439009252641395443,"806",10
175343282009723723885151287717806815985255352714,"136",40
456875776959260109969863936685675924377163874991,"347",79
72264107510512930186194585794404209446462547199,"52",0
41420807739528337267028820870406944493463025412,"26",148
400969061994753616542081793459852224381338902976,"298",210
1099513386146745710077626020385563222043951304975,"778",30
1204256462260355280354031892041805777911305744983,"848",38
717642127702989689298028422331986511976951422844,"518",380
727758616217375458977321553127130830020944710899,"527",35
522574205503223426223255261005777033844546479586,"388",28
775512324638182330939230215093174293246592811420,"558",104
1436540888064629635458868660900309286470520712558,"986",210
337163213710851062949491984698855140264606105366,"255",224
606933640422213224135709812069147979358460609858,"446",82
633888407985607646218096964043590375798568943848,"465",144
107116978726776061325940009106780492270355394008,"82",34
1359448104555801954054137247002105838130829475644,"934",219
74863888048851201776785375517894974391548389539,"54",18
1404065034746914541081875780326141229939719814286,"962",113
430449506897610110987804308247292239249970293332,"322",309
190126020269415266027678818032569152287906423633,"147",17
1413850188630129117994646959321034067825007940741,"971",97
745410902060100673462033004487692105474875642965,"535",140
927263616393363627812524738815595874044679967537,"660",46
665401774843231868335578365530202335342951985030,"482",435
892761251126897055545024911311933568049301784938,"640",21
56961026526118647167565697570793819349756680996,"38",45
133222603266942738300855359339277507451979862204,"100",59
403715806899131767455031211687908929452457298935,"300",146
1315192186538938539568257381974328360360163981556,"908",4
1341234531677793297332342723593467030123905638209,"924",48
426216690215749086835554052913978102291749987545,"321",56
1310565857569580050713572387989322356047311447275,"905",35
396390809357854671342819225082605368421893351962,"294",78
517063351992557003720683646090910824687026632520,"385",48
1203493475499805470699515279652553130054969827317,"847",90
636551828355813802570348335315989301889812569160,"466",180
203702092148928423190008349863624374337866147682,"150",90
1287363255024467702631345145208783991351563360831,"888",121
583409266501868524039217824708833546256245014360,"427",20
778374864040316678990412667239179319752725703749,"560",203
163731763370329030275525019716524678170741647323,"123",18
530669881178874481279750503928740319275462526160,"394",52
1040807151577611062697332175831420104642938558482,"742",65
323748446652636523964393919204997716452530388616,"242",191
1124432198324861676468143234133803669043106258966,"798",143
943186444725021341185008614070888229113399086413,"672",151
1429084371064513110268559395108261329388159845912,"981",123
308919040480918484684734728093738497136380828055,"234",19
900917417988483985985160580125854967048059799276,"646",51
28258717472377669921892341253475808395326719986,"18",451
1196532458091063601589526096164120341755065933345,"842",156
90736290645848170258933913601315742501589670959,"64",58
989493605831745875511396313746150229940309145103,"699",95
144043945885722633657011547308812366331785391267,"105",177
442754905459722660041629417722436298610990024114,"333",69
670397109159100849636842934820639987242478787764,"485",0
1141067221939082796503967419226665410628884651125,"811",7
395098378148352585106023170369590236680421550570,"293",56
529993063863473980596031561337992789981584268666,"393",10
648968377462186416566223155490950217493877875115,"472",46
968940732844713694851211362358638319948883649625,"690",278
209863298244946545192914004236510574516455058189,"155",140
828415208645410375155581821929357113370572945391,"597",28
570537117693455174839755027970839708817855441956,"422",38
1189982965468913926191507207936097614378426773226,"838",28
308669392979331081702068416173517429086016431827,"233",76
795429714004482726510473324851685733581296923051,"579",73
1221656347195617416173401816111790016587758278785,"852",850
1342146905413306201825548086395746919290202400640,"925",82
1415729510281959371939966055222583093163936642542,"973",27
832874775845872701507660880910212741340528041216,"598",287
81666048806662497837710397043627254984136583704,"59",47
1408830499314715006589170525958446647056519198915,"965",210
1422367165395009425842225071967502685073052388842,"977",67
1132397019415023398006250549511787973424003598080,"803",135
840134586588179856000168779969694895721838136029,"602",21
398029126633374275113051131930987239524210672448,"297",6
670362019657923493251091777115627068468647574813,"484",141
1388791549093399292609012188014138213118923893724,"952",107
59125373847585779911169485649115161532880461195,"40",129
249458420007366075426859391709919544659616926576,"190",65
1247626989835434674730163783767506985384060228585,"866",175
1013498921919634239700894124911984725442272875568,"717",6
537201425685432142217317790850488343051113122907,"398",2
1132879954399381030053609516275826137321270772887,"805",19
1003158496093185518156232100547451495767665566625,"706",128
485690505889045698071842036058508326241232844789,"368",400
581532874255420998488185851298438592526696160128,"425",201
928353842666645084408793031584398885814749681638,"662",33
1339140573428460760367665668296601101055849490685,"921",71
522074357252198211237562635905492517378428170979,"387",102
619498829627201198823362469494366974529439475694,"455",66
1380937733370971507487242140699851259518542716929,"947",72
700454733257529827826827758602780834613788093898,"507",204
837086682871059460032755195675052787959134895825,"600",178
138608893930994999073617529803332988948632561247,"103",145
1320936475425736204292148769339363972094800861262,"914",104
166151395217015921029140760407347964533532876397,"125",107
459857739179354785947555278075521017236963308602,"352",70
1310136834823826470799816314536756652103551201652,"904",156
1053082249796264583611824049526734773087730341322,"755",7
278367578946225320653796454668215155105712065927,"209",7
781137792035470289334423797059971299831629125276,"564",29
751552377025454658430170543330804639763687103909,"540",148
407171600191796806145372333134373855284161783634,"303",2
1134735087916951097183413654152905160879245575127,"807",118
92835193053575888984957525218048437132974418634,"66",20
207836965845222626699482264537253967745539333842,"154",1
507484280665829436828467980961778383984815058563,"379",35
1334217698929508779061667574058635607595643267374,"918",90
243058671846473499418351257937500813468501546909,"182",111
673102460849833756775582460129200895649572761857,"487",170
940995638475101753962819966332652498532735388146,"671",48
1017266152321562868671503187159267172278534956393,"721",99
1245104236806381001184827773210238990102347470660,"865",52
280651157743247102068689929757497021493090143331,"214",30
946694106278370718105406818882956705643548928362,"674",142
474852536173638368559829324746275497176143405368,"364",20
631089467423139298702053032994891702043634904278,"463",49
69069026245391166118959677191666311500014276709,"50",50
949592986384514550528310028818506979753215268477,"678",27
474376060351728862782030765328066521258981166708,"362",0
175466046616700925026091317440626239444221131945,"137",10
410570569313484069263747026811281548413245807395,"305",241
348779791482446715737967271401932147135928416799,"263",138
321034419144557863379376267244100714065851062041,"241",350
1081536938663074618082922403022704130560654665445,"769",0
383530187526247878573656634319245502219896076246,"281",34
263794942131357851688628063020263578255138865285,"199",334
686586823009926376691064556777180538259481913717,"495",69
780731932696017125131974070574602316779016135035,"563",0
329744638037546459586916350490939008178074768447,"247",128
588443261734235157325898064955968340347787646842,"430",39
727099151864722549699726600276894445367856205157,"526",269
407078630441527461075015346328629977525751090763,"302",71
1287440108370387210923136232085945974381174584555,"889",4
11069553767615199523153531249124873657692984420,"7",166
859583369429315275396016057219425517509117266628,"620",139
1418902902692544865616308684614523062860438098582,"975",110
803031102173247847637501936034054406450977337663,"582",11
782175725705180934107025025429933725237347044554,"567",36
315765519046430875626061219138275060701936338569,"240",48
278575604534045249289527986268427389452400714193,"210",15
214591534918123903443641216485516158343284788427,"160",85
1412218805434291422954077404208223760157288278258,"969",39
1065250038861071212995188689419905997589233238717,"760",122
332812888572307911068700508081760770331243002009,"250",30
174702805856408586851623891098745720951371402426,"134",0
497178230831963466940264528104372677130411520091,"374",404
1241842545636440652808146400081349067364885191937,"862",259
154200227050381346318261855725155881946844069036,"116",34
1007614344721036447233534524725909679673559995353,"710",115
299388485255550368113245317941182978692108132020,"223",40
486764688091821709110101406476137844086255170426,"369",71
1026130007790199034115107638382835992573888930259,"726",181
1054747111930490077541859838640727875834783602869,"757",78
207826531039282598397081125618023868978625139947,"153",37
283667961839611495911094089204367953269141265652,"215",214
872954942365439694157273913766353612263366461206,"627",243
351105081558178812978508615871922699769227028933,"264",161
516395402896244198387952357475109036647774137811,"384",155
207403587103830988735662934274183426206889704832,"152",159
1004535033147792859168805253598432447305570277781,"707",100
1013434081237027789045518411920545686267732396866,"716",184
95013440407120368800552464704352521552716946056,"69",27
221411099190549081164353411235434683727782087260,"166",62
370213469528252895911962844468930339085262468508,"278",252
11790278863035256777837839342988456007842559300,"9",43
1136850501486795878663607030751237948258824240647,"809",118
267509445004025485538324529261995636579715661049,"203",127
412512525244893889883111238156601438421221545945,"309",17
355552444475021864960496287015663317575830508840,"271",42
592567512599881667315756094057321864836969398632,"437",5
421119767330642996785228098464005146426418652890,"317",199
1445732340378385819327390461612956939817139322591,"990",197
565149319540920654567658942737569214974807123352,"419",177
489536676748663084336715066251607770521193483486,"372",147
68143158998223059928181121740492888575341302919,"48",48
1111046723106243392761709730907520752828113188631,"785",118
648255366441487044255716310963636320073617237027,"471",265
458015853921382829562530271876198374656393033187,"350",32
1335468819552997336715738554148159704574177886735,"919",72
583120154028777852036892727615510266644060188618,"426",108
280196021655049793305040146108810889423234060943,"213",42
479515312136854702608723987036491239035857463958,"366",1
1315157856997853356047851727109639012073978413996,"907",298
453275114170524788181734021563636330224629442253,"344",12
538884845509847690396171117495506784671510747760,"401",74
212565386063045479801885397686162618613078694434,"158",43
1072847125007925268150887845113010058850970997383,"764",392
1010711786664620547948300357565190741488101163867,"715",15
549968504276935332460814728367756696646826918476,"410",43
117863969322428203831331718376982488578355426227,"87",443
453138393466382972297608549339124705380993357671,"343",85
1089071730049856526850971485060684796567849059334,"774",54
50331677952752633586045981613233728196314730156,"31",29
890144494518893192213434552069817298498938772606,"637",168
334166703764205112384855644006436798529625757173,"253",84
226575290854951742343695853244703617819037182669,"168",209
1028249358608981519148931837688394048817608098649,"731",60
1379843716806606003247207401368328769356305486677,"946",104
407385672978395557005679638232755521948931523725,"304",11
962579740648743954909502205311454320395928107495,"686",12
1082213445115057897427937562608906647610545594386,"771",32
153670015116359923500135469880926565309020795637,"115",18
89966275252490321112166783301189548700018346479,"63",198
271970740755068282272497194019905193020498093861,"205",138
862043667467532762742266479629294176338331280681,"622",63
1065479657855409418346475475215468190183202576111,"761",12
1340635333656325948728187708581638285596156571393,"923",72
332402301337804937608529934670711294407117017906,"249",130
447742358519626586148399638598577816675330795221,"340",42
252924415452017334050067779211225630463574198613,"193",56
1370280220835414651100129637798067799040647679413,"941",344
609138737327056081076528952894923050875593111780,"448",91
892488652770409519892239535020898819586087218500,"639",1
1285333352078880593574854309872453807758966130518,"887",592
387563478055087636676485018800645805740114821271,"285",33
615889780507875399723486309117831089765393424795,"452",38
1104449835164356620858234565894247146021985040818,"780",103
584750802556907421060559440057158621543125934178,"428",92
94686225929833976384149660187146602807534811987,"68",42
94129685773174974924925434758757032756146543226,"67",97
279526062760384491305927870130799300263533265086,"212",53
414401966704344299775099119872584868916983170419,"313",0
61982764158580267994456126189574752738719628740,"41",177
693340683909701486231487754982025962341345340522,"501",110
38885635313253253500467181609740556954564062888,"24",34
702864595655921044115574382552621067170662287562,"510",80
1398061149038425463690273672919954873338156012177,"960",10
1189600624502640514154336581024544014134401102144,"837",19
425479330745846541870896634593974522630588901644,"320",95
543861463661804870982980288787940469179214368760,"404",106
630410120844305825749396897269969071388044527138,"461",151
857682083718381952835652471221816606864463680809,"619",30
1362783873508378938700345538126190962223688385499,"937",8
13030311419268817605895529557509826896353979359,"10",86
111390788751037682812314475593719130967390910536,"86",82
615388332868226056870348893233952239556293648821,"451",98
64144977988148426453558790518326870423938053048,"44",23
389009955669975125387024835382093701433613202674,"289",0
937948234997167396499688892427553363353076874762,"669",84
1118557982330812406800109408877102005888511685091,"793",221
300422948273807442824307648276064267561863807310,"225",38
991607003200725073063522738593290439540350534620,"700",128
333027896696683550406427307041176561891398573010,"251",16
792399967782862118601119468373612530480147557184,"576",88
730767914948558011739518428754136821050105861051,"528",221
358993794326423261340713613883937924652828460521,"273",192
813179836167453202302356419712663531340775448533,"587",86
931635811963256068190125623613610212364559707464,"664",38
1007937930385824504883661905618922005067586907345,"711",28
43622184937880198792258549223866233831087010505,"27",161
1339752309860412533971208076840215596433316152369,"922",43
1376576692884016841220017692285446874875039121989,"943",6
56379661741680944928565854578895727712530939201,"37",86
315160443752725240279014467780425639884205700757,"239",123
600578155960038563734253686347620506600344162730,"441",11
1051111523159255638636673793120428253740688636571,"752",63
1000271557131098359150034635048659890517232244690,"704",171
1387222063100207012866476752593756477764891842235,"951",19
1010463965748806095863888121612579773584724533709,"714",43
183993752499849350586279966786598295624549856562,"141",68
32111087116551951759747396192045799171169393702,"20",187
1270679015202481199881564035977700606133622296236,"878",186
781251930565923633740132209508408234236698427247,"565",10
223652018205852249307687788487219692271411887391,"167",166
226926183956954910951786170824994984552453302826,"170",24
1146659553158779972227710836656238285648917111412,"814",104
461818734901282265425864181078299004847932431667,"353",121
498072938255837649140157336339980695054795926542,"375",56
127422643330723832703417747024726338723588042576,"93",32
1392698749866289908071620094364521815565851627422,"954",136
906010441478777601857654688065924415751179753077,"650",250
1022467683633368963995090819641988552458343741149,"724",34
1073527084171540170161075800501981647269313027374,"765",57
97558851545231757272353564200376302799326332357,"70",166
841542032707329616238439016203417481270946994292,"605",21
618504822970101583018928600016103728020469647639,"454",5
76912371193748311064049412084038973483189331395,"55",111
163450896168298289842291209478666224271255462821,"122",155
134849841994234153495312249869763351389499554874,"101",102
312364472928444759083136513165054166080383875981,"236",77
38252595974949302256800506540462226489019986101,"23",390
911453591157645167567651259265201812908734440981,"652",335
295564822332818579824991152871219075597108514007,"219",124
1457507043854181384351084719754396872999753866036,"998",45
1255627966522162570301096464102433690330473439207,"869",24
915499040128045779356720069917403543958203247669,"655",21
901903690162060027878565299414050726976647709278,"647",63
828019777044583537042691441247122443145743491607,"596",40
1237685945475707035896245392486966017951347144461,"860",146
1382730394795628066118936447540268772003367553745,"948",133
1332928256730731585854547125070569551058558085626,"917",372
444354930031166217406546760790180954317914980331,"334",119
1222449812539484050611976791944364773199767943599,"853",48
219070196684094619534830594095049406772704280331,"164",14
11314765587431095227391939644921061583389331616,"8",20
1187712954015770806620004063725626539817124224688,"835",226
1119491826871884097669301260005777840418561338143,"794",75
544676797638924063260877422417718182393055785073,"405",45
823391323223174554390554247998700615656559768858,"594",99
628006388251995268759616801198038475571521554725,"459",234
813836034070650684289974059312345991366764717256,"588",41
896708296308409486361812148817866899108656114861,"643",63
1193817458707811366879020665079819605478002905313,"840",56
51825277577234524399107253662787171955116273731,"33",24
652789317856110103128139561244266813170250013693,"475",127
1132578774810013840538498676589721802320837033632,"804",12
302380860371840592715970359015871224032182657967,"226",127
571269046689140142184971782815756119482086658611,"423",50
843493016395240935543236115194029927112225551418,"606",123
895881168361035733631457745785701391566325227355,"642",104
827348449774805484350916690038945114090257524334,"595",247
1412525577852472504968583251502702551482272070919,"970",23
77641236632543619582571408550497944951666970798,"57",44
414033179138790944734849356641902693811132743227,"311",24
1170519866632466161575899193586692896950619053540,"827",3
67341312660308223004075397269682073542829917446,"46",120
1044937750065319326651648690417546107680665584331,"747",29
323992658513330622317049034405390595791830985679,"243",20
414914698137433793652468155500850117098556705951,"314",29
418471091586827302504968429026837925131630218446,"316",242
1411336811410331273229484252269700753310625309168,"967",172
104745050823777839226284084146415693108567431427,"77",126
273436818909400199435885997793504516269633941689,"206",99
650968739509486200648738543227736655394705460098,"474",41
1360318229205859886385849809994334410194486150324,"935",57
610395876808628899332937602103903386722573711753,"449",78
1356400850367012874545733718363140737775212388082,"933",123
434097388030332124736728523525483328259438323664,"326",45
644246065489570926100479013601420805464293700728,"470",152
537525128168948673021145429444286124712386355424,"399",25
1111299386731993923659632908374468494567739584619,"786",18
674399854025740094667221992111520258782004644274,"488",65
700794829133566167541049441485214959917482265246,"508",29
136512332645675094799585894267429280502041884727,"102",101
434770321139077054595350724946507802645350456180,"328",15
455482661313090348480162822378649612572561944038,"346",26
